provider,media_type,common_queries,reviewed_title_queries,hit1,hit5,hit10,unresolved_top5,mrr5,median_ms,p90_ms,outbound_calls,valid_responses,correct_within_1s,correct_within_2s,correct_within_5s
SIMKL,movie,14,11,8,8,9,0,0.7273,243.364,423.937,40,14,8,8,8
SIMKL,series,14,11,9,9,9,0,0.8182,208.336,550.006,37,14,9,9,9
TVDB,movie,14,11,7,9,10,0,0.7273,398.81,697.758,134,14,8,9,9
TVDB,series,14,11,7,8,8,2,0.6818,490.167,871.811,104,14,8,8,8
TMDB,movie,14,11,7,7,7,0,0.6364,102.818,548.997,56,14,6,7,7
TMDB,series,14,11,8,8,8,0,0.7273,99.258,353.265,47,14,8,8,8
IMDb,movie,14,11,9,10,10,0,0.8636,778.206,1162.996,149,14,6,9,10
IMDb,series,14,11,10,11,11,0,0.9545,575.833,1012.319,73,14,10,11,11
Lumiere DB,movie,14,11,11,11,11,0,1.0,84.841,238.374,73,14,11,11,11
Lumiere DB,series,14,11,9,9,9,0,0.8182,76.313,254.391,57,14,9,9,9
MDBList,movie,14,11,4,4,5,0,0.3636,220.553,500.123,20,14,4,4,4
MDBList,series,14,11,5,5,5,0,0.4545,142.389,514.493,19,14,5,5,5
